configuration,iterations,bestfitness,distance,meantimeiterinmilliseconds,totaltimesec
01_Configuration 5,500,98.23338473936435,101798385.81895848,703.814056,351.90702799999985001_Configuration 5,500,99.21458200338127,100791635.64544572,663.810132,331.905066005_Configuration 5,500,99.2943897767382,100710624.46211548,684.041106,342.0205529999999502_Configuration 5,500,98.68997118006277,101327418.38331987,701.535418,350.7677090000003705_Configuration 5,500,97.18754858603924,102893839.23648503,701.503796,350.7518980000007Configuration 2,500,96.43657725173749,103695094.58943215,689.81256,344.9062799999995Configuration 4,500,99.66172283838341,100339425.36009051,730.064844,365.0324219999998
Configuration 5,500,98.23338473936435,101798385.81895848,612.833534,306.4167670000001
